time,PT1: HP,PT2: FUEL,PT3: OX,PT4: ENG?, PT5,PT6,PT7,PT8
18:53:44:581,1142,429,301,2837,26654,11782,9068,2837
18:53:44:706,1142,425,316,2846,26660,11718,9387,2846
18:53:44:892,1142,423,330,2837,26669,11655,9694,2837
18:53:45:017,1143,420,344,2843,26674,11603,9988,2843
18:53:45:175,1143,417,356,2838,26683,11544,10244,2838
18:53:45:301,1143,414,368,2831,26690,11481,10484,2831
18:53:45:487,1144,412,379,2839,26698,11424,10718,2839
18:53:45:612,1144,412,389,2843,26700,11437,10941,2843
18:53:45:738,1144,422,399,2840,26705,11639,11161,2840
18:53:45:893,1144,431,409,2831,26705,11839,11373,2831
18:53:46:080,1145,441,420,2838,26722,12036,11591,2838
18:53:46:204,1145,450,430,2840,26720,12244,11808,2840
18:53:46:391,1145,460,440,2841,26717,12444,12022,2841
18:53:46:517,1145,469,450,2845,26720,12648,12228,2845
18:53:46:674,1145,479,460,2841,26716,12852,12443,2841
18:53:46:798,1145,489,469,2839,26718,13054,12652,2839
18:53:46:984,1145,497,480,2836,26720,13242,12867,2836
18:53:47:108,1145,506,489,2843,26716,13432,13065,2843
18:53:47:297,1145,351,494,2842,26718,10145,13177,2842
18:53:47:423,1145,500,496,2838,26728,13286,13207,2838
18:53:47:580,1145,447,495,2835,26721,12174,13205,2835
18:53:47:703,1145,346,462,2845,26721,10032,12483,2845
18:53:47:890,1145,433,343,2838,26720,11869,9954,2838
18:53:48:015,1145,429,292,2836,26723,11796,8876,2836
18:53:48:142,1145,426,307,2840,26717,11721,9191,2840
18:53:48:279,1145,423,321,2839,26718,11667,9495,2839
18:53:48:483,1145,420,336,2842,26717,11605,9811,2842
18:53:48:610,1145,417,349,2841,26723,11543,10089,2841
18:53:48:795,1145,415,361,2836,26716,11486,10334,2836
18:53:48:918,1145,412,371,2837,26721,11424,10559,2837
18:53:49:076,1145,409,382,2842,26722,11367,10794,2842
18:53:49:201,1145,416,392,2842,26718,11522,11009,2842
18:53:49:389,1145,426,403,2835,26719,11721,11234,2835
18:53:49:515,1145,435,413,2837,26723,11910,11448,2837
18:53:49:641,1145,444,423,2841,26716,12118,11663,2841
18:53:49:792,1145,454,433,2840,26717,12322,11880,2840
18:53:49:978,1145,464,443,2839,26720,12525,12088,2839
18:53:50:101,1144,473,453,2835,26711,12722,12292,2835
18:53:50:290,1145,482,463,2838,26722,12920,12516,2838
18:53:50:416,1145,492,473,2841,26722,13125,12729,2841
18:53:50:545,1145,501,483,2845,26721,13318,12933,2845
18:53:50:683,1145,510,492,2840,26717,13504,13129,2840
18:53:50:871,1145,457,492,2840,26714,12391,13121,2840
18:53:50:995,1145,379,496,2835,26723,10731,13218,2835
18:53:51:183,1145,491,497,2833,26725,13096,13234,2833
18:53:51:308,1145,430,497,2840,26717,11808,13247,2840
18:53:51:495,1145,353,462,2840,26718,10186,12502,2840
18:53:51:620,1145,437,344,2839,26718,11956,9973,2839
18:53:51:775,1145,433,290,2841,26723,11875,8825,2841
18:53:51:900,1145,429,305,2840,26721,11800,9162,2840
18:53:52:086,1145,426,322,2836,26715,11726,9504,2836
18:53:52:211,1145,423,336,2835,26727,11657,9810,2835
18:53:52:398,1145,420,349,2839,26717,11596,10086,2839
18:53:52:523,1145,417,361,2840,26719,11529,10339,2840
18:53:52:680,1145,413,371,2833,26722,11463,10558,2833
18:53:52:804,1145,411,382,2837,26722,11405,10782,2837
18:53:52:992,1145,417,392,2840,26719,11531,11001,2840
18:53:53:117,1145,426,402,2837,26718,11727,11216,2837
18:53:53:246,1145,435,412,2846,26714,11922,11434,2846
18:53:53:381,1145,445,423,2839,26720,12130,11653,2839
18:53:53:584,1145,455,433,2838,26723,12333,11874,2838
18:53:53:709,1145,464,443,2841,26719,12542,12091,2841
18:53:53:897,1145,474,453,2836,26725,12746,12307,2836
18:53:54:023,1145,483,463,2835,26717,12946,12517,2835
18:53:54:179,1145,493,473,2836,26721,13146,12734,2836
18:53:54:304,1145,503,483,2836,26718,13351,12943,2836
18:53:54:491,1145,511,493,2838,26718,13519,13145,2838
18:53:54:615,1145,424,494,2835,26721,11678,13178,2835
18:53:54:741,1145,348,496,2837,26721,10078,13220,2837
18:53:54:881,1145,496,497,2844,26719,13207,13241,2844
18:53:55:083,1145,446,498,2834,26726,12152,13253,2834
18:53:55:209,1145,389,433,2840,26718,10947,11880,2840
18:53:55:335,1145,433,327,2845,26718,11868,9610,2845
18:53:55:489,1145,429,296,2839,26721,11784,8969,2839
18:53:55:675,1145,425,311,2837,26718,11713,9276,2837
18:53:55:800,1145,422,325,2845,26721,11649,9587,2845
18:53:55:985,1145,419,339,2838,26718,11581,9882,2838
18:53:56:111,1145,416,352,2841,26718,11517,10160,2841
18:53:56:235,1145,413,364,2837,26718,11450,10402,2837
18:53:56:391,1145,410,375,2839,26718,11387,10636,2839
18:53:56:578,1145,410,386,2840,26724,11398,10868,2840
18:53:56:703,1145,420,396,2839,26717,11594,11089,2839
18:53:56:889,1145,429,407,2843,26725,11802,11312,2843
18:53:57:014,1145,439,417,2837,26720,12001,11533,2837
18:53:57:140,1145,449,427,2842,26716,12208,11758,2842
18:53:57:280,1145,459,438,2840,26722,12419,11980,2840
18:53:57:483,1145,469,448,2837,26719,12631,12192,2837
18:53:57:608,1145,478,458,2837,26719,12832,12407,2837
18:53:57:796,1145,488,467,2838,26720,13036,12604,2838
18:53:57:919,1145,497,478,2843,26721,13234,12827,2843
18:53:58:076,1145,506,488,2845,26715,13426,13037,2845
18:53:58:201,1145,404,491,2842,26716,11259,13117,2842
18:53:58:388,1145,507,495,2847,26719,13446,13197,2847
18:53:58:512,1145,460,495,2841,26719,12445,13187,2841
18:53:58:639,1145,369,498,2843,26721,10520,13262,2843
18:53:58:790,1145,506,499,2835,26729,13416,13290,2835
18:53:58:980,1145,438,379,2843,26716,11981,10729,2843
18:53:59:106,1145,433,292,2839,26718,11883,8866,2839
18:53:59:294,1145,429,303,2844,26726,11798,9111,2844
18:53:59:419,1145,426,317,2841,26721,11726,9410,2841
18:53:59:546,1145,422,332,2836,26719,11653,9718,2836
18:53:59:682,1145,419,345,2839,26722,11586,10001,2839
18:53:59:885,1145,416,357,2840,26718,11516,10262,2840
18:54:00:010,1145,413,368,2841,26716,11454,10500,2841
18:54:00:135,1145,410,379,2838,26721,11393,10737,2838
18:54:00:289,1145,415,390,2839,26723,11492,10957,2839
18:54:00:480,1145,425,400,2841,26724,11700,11180,2841
18:54:00:605,1145,434,411,2843,26722,11900,11399,2843
18:54:00:790,1145,444,422,2841,26721,12110,11632,2841
18:54:00:916,1145,454,432,2839,26718,12313,11856,2839
18:54:01:043,1145,463,442,2834,26722,12519,12069,2834
18:54:01:181,1145,473,452,2842,26723,12726,12285,2842
18:54:01:381,1145,483,462,2846,26722,12932,12500,2846
18:54:01:504,1145,492,472,2838,26721,13132,12709,2838
18:54:01:690,1145,501,482,2840,26721,13327,12926,2840
18:54:01:818,1145,511,492,2838,26725,13520,13129,2838
18:54:01:946,1145,454,492,2842,26721,12323,13133,2842
18:54:02:084,1145,364,495,2840,26716,10418,13204,2840
18:54:02:287,1145,504,498,2838,26720,13380,13252,2838
18:54:02:421,1145,457,498,2841,26723,12391,13248,2841
18:54:02:533,1145,404,498,2838,26720,11266,13263,2838
18:54:02:678,1145,424,473,2845,26712,11677,12730,2845
18:54:02:869,1145,434,352,2842,26715,11895,10142,2842
18:54:02:977,1145,429,288,2838,26720,11802,8798,2838
18:54:03:167,1145,426,304,2839,26722,11720,9129,2839
18:54:03:277,1145,422,319,2842,26718,11654,9458,2842
18:54:03:469,1145,419,334,2842,26722,11577,9779,2842
18:54:03:577,1145,416,348,2842,26717,11507,10071,2842
18:54:03:768,1145,412,360,2840,26720,11442,10328,2840
18:54:03:877,1145,409,372,2845,26721,11370,10571,2845
18:54:04:068,1145,408,382,2832,26720,11356,10801,2832
18:54:04:177,1145,418,393,2838,26722,11557,11023,2838
18:54:04:370,1145,427,403,2840,26718,11751,11238,2840
18:54:04:477,1145,437,414,2839,26720,11958,11471,2839
18:54:04:668,1145,446,424,2841,26719,12158,11687,2841
18:54:04:777,1145,456,435,2838,26723,12365,11912,2838
18:54:04:970,1145,466,445,2844,26717,12575,12125,2844
18:54:05:077,1145,476,455,2844,26720,12782,12337,2844
18:54:05:269,1145,485,465,2830,26722,12985,12553,2830
18:54:05:377,1145,495,475,2841,26717,13186,12762,2841
18:54:05:569,1145,504,485,2843,26720,13372,12978,2843
18:54:05:677,1145,512,494,2843,26715,13559,13182,2843
18:54:05:870,1145,458,494,2839,26719,12402,13179,2839
18:54:05:977,1145,381,497,2844,26722,10781,13243,2844
18:54:06:169,1145,508,499,2842,26719,13461,13279,2842
18:54:06:277,1145,440,376,2839,26720,12035,10667,2839
18:54:06:468,1145,435,295,2836,26722,11926,8942,2836
18:54:06:577,1145,431,309,2844,26721,11834,9241,2844
18:54:06:769,1145,427,323,2836,26714,11756,9527,2836
18:54:06:876,1145,423,336,2839,26726,11675,9814,2839
18:54:07:069,1145,419,349,2840,26725,11589,10086,2840
18:54:07:176,1145,416,361,2842,26713,11516,10344,2842
18:54:07:370,1145,413,373,2844,26722,11450,10591,2844
18:54:07:476,1145,409,384,2844,26718,11374,10825,2844
18:54:07:671,1145,419,394,2841,26720,11577,11055,2841
18:54:07:776,1145,428,405,2840,26725,11780,11278,2840
18:54:07:971,1145,438,415,2840,26713,11982,11500,2840
18:54:08:076,1145,448,426,2843,26719,12188,11717,2843
18:54:08:270,1145,458,436,2837,26719,12405,11938,2837
18:54:08:377,1145,467,446,2834,26719,12607,12152,2834
18:54:08:570,1145,477,456,2840,26717,12812,12365,2840
18:54:08:676,1145,487,466,2845,26719,13017,12585,2845
18:54:08:870,1145,496,476,2838,26719,13213,12790,2838
18:54:08:976,1145,505,486,2834,26723,13410,13000,2834
18:54:09:172,1145,404,493,2840,26721,11253,13157,2840
18:54:09:278,1145,491,494,2839,26715,13098,13175,2839
18:54:09:473,1145,422,496,2841,26726,11653,13214,2841
18:54:09:579,1145,464,492,2840,26723,12536,13126,2840
18:54:09:772,1145,442,364,2836,26720,12060,10417,2836
18:54:09:876,1145,437,287,2844,26714,11956,8770,2844
18:54:10:072,1145,432,302,2840,26721,11862,9087,2840
18:54:10:176,1145,428,317,2836,26724,11777,9405,2836
18:54:10:372,1145,424,332,2843,26722,11691,9728,2843
18:54:10:476,1145,421,346,2839,26723,11618,10027,2839
18:54:10:671,1145,417,359,2837,26722,11544,10300,2837
18:54:10:777,1145,414,371,2844,26719,11468,10552,2844
18:54:10:970,1145,410,382,2837,26718,11396,10791,2837
18:54:11:076,1145,417,392,2842,26726,11545,11006,2842
18:54:11:275,1145,426,402,2836,26720,11735,11224,2836
18:54:11:379,1145,436,412,2842,26719,11934,11437,2842
18:54:11:575,1145,445,422,2839,26722,12139,11649,2839
18:54:11:679,1145,455,433,2838,26716,12344,11869,2838
18:54:11:874,1145,465,443,2838,26717,12555,12095,2838
18:54:11:978,1145,474,454,2833,26722,12751,12312,2833
18:54:12:173,1145,484,464,2837,26714,12954,12531,2837
18:54:12:277,1145,493,474,2839,26718,13149,12742,2839
18:54:12:476,1145,502,483,2832,26717,13347,12947,2832
18:54:12:577,1145,349,490,2839,26724,10089,13085,2839
18:54:12:776,1145,494,491,2843,26715,13165,13114,2843
18:54:12:879,1145,408,494,2838,26720,11338,13172,2838
18:54:13:075,1145,490,496,2841,26717,13085,13223,2841
18:54:13:179,1145,484,497,2839,26720,12953,13230,2839
18:54:13:375,1145,430,410,2835,26717,11822,11377,2835
18:54:13:478,1145,436,313,2840,26720,11944,9316,2840
18:54:13:674,1145,432,299,2842,26721,11848,9033,2842
18:54:13:778,1145,427,314,2843,26719,11758,9341,2843
18:54:13:972,1145,424,328,2835,26718,11676,9639,2835
18:54:14:078,1145,420,342,2842,26721,11597,9941,2842
18:54:14:275,1145,416,355,2836,26720,11520,10208,2836
18:54:14:380,1145,412,367,2841,26718,11442,10461,2841
18:54:14:577,1145,409,378,2841,26718,11368,10698,2841
18:54:14:681,1145,414,388,2840,26724,11480,10927,2840
18:54:14:977,1145,433,409,2845,26719,11875,11366,2845
18:54:15:277,1145,453,430,2837,26721,12293,11812,2837
18:54:15:576,1145,472,450,2841,26722,12699,12239,2841
18:54:15:876,1145,491,470,2841,26721,13099,12668,2841
18:54:16:178,1145,509,490,2840,26721,13491,13086,2840
18:54:16:326,1145,459,490,2838,26717,12421,13079,2838
18:54:16:480,1145,347,494,2843,26721,10051,13167,2843
18:54:16:626,1145,500,496,2843,26718,13303,13207,2843
18:54:16:781,1145,447,496,2840,26721,12171,13214,2840
18:54:16:926,1145,384,497,2838,26719,10834,13229,2838
18:54:17:081,1145,507,497,2840,26719,13452,13236,2840
18:54:17:227,1145,433,372,2838,26724,11881,10581,2838
18:54:17:383,1145,428,290,2834,26721,11781,8827,2834
18:54:17:525,1145,424,302,2836,26724,11690,9092,2836
18:54:17:680,1145,420,317,2838,26721,11608,9411,2838
18:54:17:826,1145,416,332,2840,26718,11526,9726,2840
18:54:17:980,1145,413,346,2838,26725,11450,10031,2838
18:54:18:125,1145,409,359,2833,26715,11372,10295,2833
18:54:18:281,1145,406,370,2834,26716,11297,10532,2834
18:54:18:426,1145,407,381,2841,26722,11336,10763,2841
18:54:18:581,1145,417,391,2843,26719,11528,10982,2843
18:54:18:726,1145,426,401,2838,26726,11722,11198,2838
18:54:18:882,1145,435,412,2838,26719,11924,11423,2838
18:54:19:026,1145,445,422,2841,26721,12127,11644,2841
18:54:19:181,1145,454,432,2842,26719,12331,11859,2842
18:54:19:326,1145,465,442,2843,26723,12545,12070,2843
18:54:19:481,1145,474,452,2841,26721,12752,12282,2841
18:54:19:627,1145,483,462,2840,26718,12946,12497,2840
18:54:19:779,1145,493,472,2838,26716,13150,12715,2838
18:54:19:926,1145,502,482,2836,26723,13344,12919,2836
18:54:20:081,1145,511,491,2842,26719,13528,13114,2842
18:54:20:225,1145,469,491,2838,26718,12640,13112,2838
18:54:20:381,1145,353,496,2835,26719,10180,13218,2835
18:54:20:526,1145,498,497,2844,26721,13264,13247,2844
18:54:20:681,1145,437,404,2840,26725,11968,11259,2840
18:54:20:827,1145,437,309,2835,26719,11963,9239,2835
18:54:20:978,1145,432,300,2841,26723,11858,9040,2841
18:54:21:125,1145,428,314,2843,26726,11766,9353,2843
18:54:21:281,1145,423,328,2838,26721,11674,9647,2838
18:54:21:425,1145,420,342,2838,26719,11593,9946,2838
18:54:21:580,1145,415,355,2838,26720,11500,10217,2838
18:54:21:727,1145,412,367,2838,26720,11425,10464,2838
18:54:21:879,1145,408,378,2840,26723,11345,10697,2840
18:54:22:026,1145,414,388,2841,26719,11482,10912,2841
18:54:22:180,1145,423,398,2838,26722,11673,11137,2838
18:54:22:325,1145,433,408,2840,26715,11873,11353,2840
18:54:22:480,1145,443,419,2844,26721,12081,11580,2844
18:54:22:625,1145,453,430,2838,26722,12291,11807,2838
18:54:22:806,1145,462,440,2837,26718,12494,12014,2837
18:54:22:925,1145,472,450,2836,26721,12697,12235,2836
18:54:23:081,1145,482,460,2841,26720,12906,12454,2841
18:54:23:225,1145,491,470,2839,26722,13100,12662,2839
18:54:23:380,1145,500,480,2842,26720,13301,12879,2842
18:54:23:525,1145,509,490,2843,26721,13488,13085,2843
18:54:23:678,1145,415,493,2838,26725,11493,13145,2838
18:54:23:825,1145,499,495,2844,26721,13283,13203,2844
18:54:23:981,1145,483,496,2837,26722,12932,13215,2837
18:54:24:125,1145,420,497,2839,26725,11597,13237,2839
18:54:24:280,1145,357,469,2838,26722,10261,12639,2838
18:54:24:425,1145,435,351,2838,26721,11926,10127,2838
18:54:24:581,1145,430,296,2837,26723,11814,8969,2837
18:54:24:725,1145,425,310,2837,26723,11717,9262,2837
18:54:24:880,1145,421,323,2840,26722,11626,9542,2840
18:54:25:025,1145,417,337,2840,26720,11532,9839,2840
18:54:25:182,1145,413,350,2843,26720,11445,10120,2843
18:54:25:325,1145,409,363,2839,26725,11367,10380,2839
18:54:25:482,1145,405,374,2837,26721,11288,10616,2837
18:54:25:648,1145,411,384,2844,26719,11414,10843,2844
18:54:25:776,1145,420,395,2838,26722,11609,11062,2838
18:54:25:995,1145,335,389,3107,26720,9791,10946,3107
18:54:26:119,1145,270,374,3489,26723,8424,10627,3489
18:54:26:251,1145,252,361,3610,26721,8042,10348,3610
18:54:26:388,1145,243,350,3520,26721,7850,10102,3520
18:54:26:592,1145,237,340,3448,26726,7734,9887,3448
18:54:26:715,1145,234,330,3373,26723,7659,9686,3373
18:54:26:843,1145,231,322,3302,26719,7606,9523,3302
18:54:26:980,1145,230,317,3250,26725,7575,9406,3250
18:54:27:183,1145,229,315,3203,26723,7547,9365,3203
18:54:27:309,1145,228,315,3171,26721,7533,9360,3171
18:54:27:436,1145,227,316,3160,26728,7522,9382,3160
18:54:27:590,1145,227,317,3121,26718,7513,9405,3121
18:54:27:793,1145,227,318,3078,26719,7514,9428,3078
18:54:27:919,1145,227,318,3067,26721,7511,9436,3067
18:54:28:045,1145,227,318,3035,26723,7511,9434,3035
18:54:28:183,1145,227,317,3019,26721,7502,9413,3019
18:54:28:382,1145,227,316,3013,26718,7508,9387,3013
18:54:28:507,1145,227,314,2990,26719,7504,9354,2990
18:54:28:693,1145,227,313,2979,26718,7510,9313,2979
18:54:28:818,1145,227,311,2978,26715,7504,9270,2978
18:54:28:944,1145,227,308,2918,26722,7510,9224,2918
18:54:29:097,1145,227,306,2908,26720,7509,9163,2908
18:54:29:285,1145,227,303,2901,26717,7516,9109,2901
18:54:29:411,1145,227,300,2863,26719,7513,9052,2863
18:54:29:538,1145,227,298,2799,26718,7515,9001,2799
18:54:29:691,1145,227,295,2795,26717,7513,8933,2795
18:54:29:892,1145,227,292,2749,26715,7513,8880,2749
18:54:30:018,1145,227,289,2733,26721,7513,8818,2733
18:54:30:145,1145,227,287,2759,26720,7511,8759,2759
18:54:30:298,1145,227,284,2734,26716,7519,8699,2734
18:54:30:594,1145,227,278,2731,26720,7513,8587,2731
18:54:30:889,1145,226,273,2726,26721,7491,8474,2726
18:54:31:185,1145,225,268,2704,26719,7463,8372,2704
18:54:31:493,1145,223,264,2680,26723,7434,8275,2680
18:54:31:790,1145,221,260,2714,26719,7388,8186,2714
18:54:31:931,1145,220,257,2708,26718,7368,8134,2708
18:54:32:118,1145,219,255,2716,26723,7351,8092,2716
18:54:32:241,1145,218,253,2714,26719,7332,8045,2714
18:54:32:397,1145,217,251,2731,26720,7308,8002,2731
18:54:32:535,1145,216,249,2736,26722,7281,7964,2736
18:54:32:723,1145,215,247,2715,26720,7264,7919,2715
18:54:32:849,1145,214,244,2706,26722,7242,7847,2706
18:54:32:990,1145,213,236,2667,26718,7214,7688,2667
18:54:33:131,1145,212,225,2653,26722,7187,7441,2653
18:54:33:319,1145,209,211,2648,26724,7135,7143,2648
18:54:33:442,1145,207,195,2652,26726,7091,6819,2652
18:54:33:599,1145,204,181,2648,26717,7027,6520,2648
18:54:33:740,1145,201,168,2650,26724,6965,6233,2650
18:54:33:925,1145,198,155,2649,26723,6901,5958,2649
18:54:34:051,1145,195,143,2652,26721,6826,5697,2652
18:54:34:193,1145,191,131,2652,26716,6754,5452,2652
18:54:34:333,1144,188,121,2654,26710,6691,5234,2654
18:54:34:520,1145,185,112,2655,26718,6619,5050,2655
18:54:34:645,1145,182,104,2653,26720,6549,4875,2653
18:54:34:799,1145,177,97,2651,26719,6448,4719,2651
18:54:34:926,1145,169,90,2651,26720,6276,4578,2651
18:54:35:099,1145,159,84,2657,26717,6082,4446,2657
18:54:35:226,1145,149,78,2655,26718,5866,4325,2655
18:54:35:398,1145,139,73,2649,26724,5657,4221,2649
18:54:35:539,1145,130,68,2647,26719,5458,4118,2647
18:54:35:693,1145,121,64,2645,26720,5272,4029,2645
18:54:35:837,1145,114,60,2649,26725,5109,3939,2649
18:54:36:022,1145,107,56,2646,26718,4962,3857,2646
18:54:36:144,1145,100,53,2644,26719,4822,3782,2644
18:54:36:302,1145,94,49,2635,26721,4695,3708,2635
18:54:36:427,1145,89,46,2630,26713,4590,3638,2630
18:54:36:616,1145,85,43,2638,26718,4496,3579,2638
18:54:36:742,1145,81,40,2632,26716,4414,3510,2632
18:54:36:900,1145,77,37,2625,26715,4328,3455,2625
18:54:37:024,1145,73,35,2634,26718,4253,3399,2634
18:54:37:209,1145,70,32,2629,26722,4183,3347,2629
18:54:37:334,1145,67,30,2627,26720,4118,3297,2627
18:54:37:491,1145,64,28,2625,26719,4067,3252,2625
18:54:37:631,1145,61,26,2625,26722,4006,3210,2625
18:54:37:817,1145,59,24,2625,26718,3955,3172,2625
18:54:37:942,1145,56,22,2625,26716,3900,3132,2625
18:54:38:099,1145,54,20,2624,26717,3857,3095,2624
18:54:38:224,1145,52,19,2627,26719,3802,3064,2627
18:54:38:410,1145,50,17,2629,26719,3765,3032,2629
18:54:38:535,1145,48,16,2626,26718,3718,3004,2626
18:54:38:692,1145,46,15,2627,26720,3673,2978,2627
18:54:38:832,1145,44,14,2634,26720,3639,2951,2634
18:54:39:018,1145,43,13,2635,26718,3604,2935,2635
18:54:39:141,1145,41,12,2638,26718,3570,2918,2638
18:54:39:298,1145,39,11,2639,26718,3537,2897,2639
18:54:39:424,1145,38,10,2641,26719,3504,2873,2641
18:54:39:611,1145,36,9,2638,26719,3475,2856,2638
18:54:39:739,1145,35,8,2648,26721,3455,2843,2648
18:54:39:893,1145,34,8,2647,26713,3423,2834,2647
18:54:40:032,1145,33,7,2646,26716,3401,2819,2646
18:54:40:221,1145,32,7,2642,26724,3385,2805,2642
18:54:40:344,1145,31,6,2656,26718,3358,2797,2656
18:54:40:501,1145,30,6,2646,26721,3338,2785,2646
18:54:40:625,1145,29,6,2651,26716,3320,2780,2651
18:54:40:812,1145,28,5,2648,26716,3301,2771,2648
18:54:40:938,1145,27,5,2656,26719,3280,2765,2656
18:54:41:128,1145,26,5,2656,26719,3264,2760,2656
18:54:41:254,1145,26,4,2659,26716,3252,2758,2659
18:54:41:394,1145,25,4,2655,26715,3239,2755,2655
18:54:41:534,1145,25,4,2661,26714,3223,2748,2661
18:54:41:722,1145,24,4,2663,26720,3211,2744,2663
18:54:41:846,1145,23,4,2654,26717,3194,2743,2654
18:54:42:002,1145,23,4,2665,26721,3185,2743,2665
18:54:42:126,1145,22,4,2664,26719,3168,2739,2664
18:54:42:314,1145,22,3,2675,26715,3163,2737,2675
18:54:42:438,1145,21,4,2671,26721,3149,2738,2671
18:54:42:593,1145,21,3,2667,26718,3142,2734,2667
18:54:42:733,1145,20,4,2674,26715,3137,2742,2674
18:54:42:922,1145,20,4,2679,26719,3126,2744,2679
18:54:43:047,1145,19,4,2679,26717,3111,2742,2679
18:54:43:205,1145,19,4,2683,26716,3115,2741,2683
18:54:43:329,1145,19,4,2680,26713,3106,2742,2680
18:54:43:517,1145,19,4,2685,26722,3100,2748,2685
18:54:43:640,1145,18,4,2694,26719,3090,2746,2694
18:54:43:797,1145,18,4,2691,26722,3081,2743,2691
18:54:43:938,1145,18,4,2693,26720,3084,2742,2693
18:54:44:125,1145,18,4,2692,26719,3077,2744,2692
18:54:44:249,1145,17,4,2699,26722,3073,2752,2699
18:54:44:407,1145,17,4,2696,26715,3064,2749,2696
18:54:44:531,1145,17,4,2698,26719,3063,2752,2698
18:54:44:717,1145,17,4,2694,26717,3062,2746,2694
18:54:44:841,1145,17,4,2693,26721,3058,2753,2693
18:54:44:996,1145,17,4,2700,26720,3059,2749,2700
18:54:45:137,1145,16,5,2702,26718,3050,2761,2702
18:54:45:325,1145,16,4,2700,26720,3050,2751,2700
18:54:45:449,1145,16,4,2706,26720,3050,2756,2706
18:54:45:607,1145,16,5,2704,26718,3044,2759,2704
18:54:45:731,1145,16,5,2705,26715,3047,2762,2705
18:54:45:920,1145,16,5,2715,26720,3041,2763,2715
18:54:46:044,1145,16,5,2706,26719,3037,2761,2706
18:54:46:200,1145,16,5,2708,26722,3038,2766,2708
18:54:46:338,1145,16,5,2714,26716,3039,2766,2714
18:54:46:527,1145,16,5,2716,26715,3042,2771,2716
18:54:46:653,1145,16,5,2711,26718,3037,2769,2711
18:54:46:793,1145,16,5,2716,26720,3033,2769,2716
18:54:46:933,1145,16,5,2717,26717,3038,2772,2717
18:54:47:116,1145,16,5,2721,26717,3033,2775,2721
18:54:47:241,1145,16,5,2728,26719,3035,2774,2728
18:54:47:395,1145,15,5,2725,26719,3031,2775,2725
18:54:47:538,1145,16,5,2694,26714,3032,2777,2694
18:54:47:724,1145,16,6,2724,26724,3032,2780,2724
18:54:47:847,1145,16,6,2731,26724,3033,2783,2731
18:54:48:006,1145,16,6,2723,26719,3036,2781,2723
18:54:48:131,1145,15,5,2733,26721,3027,2778,2733
18:54:48:321,1145,16,5,2726,26722,3033,2779,2726
18:54:48:445,1145,15,5,2727,26714,3031,2777,2727
18:54:48:605,1145,15,6,2735,26722,3024,2782,2735
18:54:48:729,1145,15,6,2736,26716,3026,2784,2736
18:54:48:915,1145,15,6,2736,26716,3028,2781,2736
18:54:49:040,1145,15,6,2733,26719,3028,2780,2733
18:54:49:226,1145,15,5,2738,26722,3030,2779,2738
18:54:49:350,1145,15,5,2737,26719,3022,2778,2737
18:54:49:505,1145,15,6,2740,26720,3024,2781,2740
18:54:49:630,1144,14,5,2743,26703,3009,2774,2743
18:54:49:817,1139,15,5,2745,26596,3022,2777,2745
18:54:49:940,1134,15,5,2748,26496,3012,2777,2748
18:54:50:130,1129,15,5,2751,26385,3014,2779,2751
18:54:50:256,1124,15,6,2749,26279,3015,2781,2749
18:54:50:396,1119,15,5,2746,26175,3017,2778,2746
18:54:50:537,1114,14,6,2750,26067,3010,2780,2750
18:54:50:723,1108,14,5,2753,25954,3010,2777,2753
18:54:50:847,1103,14,5,2757,25849,3009,2771,2757
18:54:51:004,1098,14,5,2755,25735,3008,2778,2755
18:54:51:128,1093,14,5,2749,25633,3007,2777,2749
18:54:51:313,1088,14,5,2760,25526,3006,2779,2760
18:54:51:438,1083,14,6,2760,25417,3000,2784,2760
18:54:51:624,1078,14,5,2760,25319,3004,2774,2760
18:54:51:748,1074,14,5,2757,25220,3004,2778,2757
18:54:51:906,1068,14,5,2762,25113,3006,2778,2762
18:54:52:031,1064,14,5,2761,25013,3004,2776,2761
18:54:52:216,1059,14,5,2760,24909,2998,2776,2760
18:54:52:340,1054,14,5,2765,24811,2995,2774,2765
18:54:52:528,1049,14,5,2762,24713,3000,2779,2762
18:54:52:654,1045,14,5,2770,24616,2992,2778,2770
18:54:52:809,1040,14,5,2773,24520,3000,2775,2773
18:54:52:937,1036,14,5,2771,24427,2993,2779,2771
18:54:53:124,1031,14,5,2769,24330,2991,2777,2769
18:54:53:247,1027,13,5,2765,24239,2988,2779,2765
18:54:53:401,1022,14,6,2769,24138,2991,2782,2769
18:54:53:524,1018,13,5,2776,24057,2984,2775,2776
18:54:53:713,1014,13,5,2769,23960,2978,2774,2769
18:54:53:839,1009,13,5,2774,23867,2987,2770,2774
18:54:54:026,1005,13,5,2778,23774,2984,2776,2778
18:54:54:154,1000,13,5,2778,23684,2982,2774,2778
18:54:54:309,996,13,5,2778,23594,2978,2774,2778
18:54:54:434,992,13,5,2780,23508,2978,2770,2780
18:54:54:622,988,13,5,2777,23427,2985,2767,2777
18:54:54:747,984,13,5,2782,23335,2977,2775,2782
18:54:54:903,980,13,5,2781,23250,2977,2771,2781
18:54:55:027,976,13,5,2782,23163,2973,2771,2782
18:54:55:214,972,13,5,2781,23086,2972,2769,2781
18:54:55:340,968,13,5,2786,22995,2971,2773,2786
18:54:55:525,964,13,5,2779,22914,2969,2771,2779
18:54:55:654,960,13,5,2787,22832,2971,2773,2787
18:54:55:807,956,12,5,2782,22750,2967,2772,2782
18:54:55:933,952,12,5,2781,22663,2963,2771,2781
18:54:56:124,948,12,5,2792,22584,2966,2768,2792
18:54:56:250,944,12,5,2780,22507,2967,2771,2780
18:54:56:406,941,12,5,2791,22426,2961,2774,2791
18:54:56:531,937,12,5,2792,22350,2957,2774,2792
18:54:56:720,933,12,5,2789,22268,2962,2772,2789
18:54:56:844,929,12,5,2788,22190,2962,2773,2788
18:54:57:029,926,12,5,2786,22117,2957,2776,2786
18:54:57:156,922,12,5,2792,22040,2961,2771,2792
18:54:57:312,919,12,5,2793,21964,2956,2772,2793
18:54:57:438,915,12,5,2793,21882,2955,2772,2793
18:54:57:626,911,12,5,2790,21814,2952,2771,2790
18:54:57:753,908,12,5,2794,21740,2959,2771,2794
18:54:57:906,904,12,5,2792,21665,2951,2765,2792
18:54:58:030,901,12,5,2796,21594,2956,2768,2796
18:54:58:216,897,12,5,2797,21520,2949,2771,2797
18:54:58:340,894,12,5,2800,21447,2947,2770,2800
18:54:58:529,891,12,5,2798,21380,2949,2769,2798
18:54:58:655,887,12,5,2803,21302,2950,2769,2803
18:54:58:810,884,12,5,2800,21235,2950,2767,2800
18:54:58:936,880,11,5,2801,21165,2945,2769,2801
18:54:59:121,877,11,5,2804,21091,2944,2771,2804
18:54:59:246,874,11,5,2801,21023,2945,2768,2801
18:54:59:436,870,12,5,2800,20955,2947,2765,2800
18:54:59:560,867,11,5,2804,20882,2941,2766,2804
18:54:59:703,864,11,5,2806,20817,2933,2770,2806
18:54:59:827,861,11,5,2809,20745,2940,2766,2809
18:55:00:014,857,11,5,2807,20681,2939,2768,2807
18:55:00:140,855,11,5,2805,20622,2937,2773,2805
18:55:00:327,851,11,5,2810,20553,2930,2770,2810
18:55:00:453,848,11,5,2804,20485,2936,2766,2804
18:55:00:610,845,11,5,2809,20425,2934,2772,2809
18:55:00:736,842,11,5,2811,20352,2933,2764,2811
18:55:00:925,839,11,5,2807,20289,2933,2768,2807
18:55:01:051,836,11,5,2816,20232,2933,2764,2816
18:55:01:206,833,11,5,2809,20164,2933,2766,2809
18:55:01:331,830,11,5,2814,20102,2934,2765,2814
18:55:01:519,827,11,5,2812,20039,2930,2768,2812
18:55:01:641,824,11,5,2810,19978,2932,2770,2810
18:55:01:827,821,11,5,2813,19915,2932,2767,2813
18:55:01:953,818,11,5,2814,19852,2927,2769,2814
18:55:02:108,815,11,5,2815,19791,2930,2770,2815
18:55:02:232,812,10,5,2816,19729,2922,2765,2816
18:55:02:419,809,10,5,2821,19668,2924,2765,2821
18:55:02:544,807,10,5,2817,19612,2924,2767,2817
18:55:02:732,804,11,5,2815,19551,2927,2774,2815
18:55:02:856,801,10,5,2817,19491,2922,2761,2817
18:55:03:013,798,11,5,2818,19429,2926,2762,2818
18:55:03:138,795,10,5,2819,19377,2922,2768,2819
18:55:03:324,792,10,5,2816,19314,2914,2765,2816
18:55:03:449,790,10,5,2821,19255,2922,2766,2821
18:55:03:638,787,10,5,2824,19199,2922,2767,2824
18:55:03:762,784,10,5,2821,19145,2918,2764,2821
18:55:03:902,781,10,5,2827,19082,2919,2768,2827
18:55:04:027,779,10,5,2821,19027,2920,2766,2821
18:55:04:217,776,10,5,2826,18974,2914,2769,2826
18:55:04:341,774,10,5,2827,18919,2917,2767,2827
18:55:04:531,771,10,5,2822,18861,2917,2764,2822
18:55:04:656,768,10,5,2824,18807,2917,2762,2824
18:55:04:813,766,10,5,2824,18752,2916,2769,2824
18:55:04:938,763,10,5,2821,18699,2915,2767,2821
18:55:05:125,760,10,5,2831,18643,2914,2766,2831
18:55:05:252,758,10,5,2829,18589,2910,2763,2829
18:55:05:409,755,10,5,2832,18538,2912,2765,2832
18:55:05:533,753,10,5,2829,18485,2913,2766,2829
18:55:05:720,750,10,5,2827,18429,2908,2765,2827
18:55:05:844,748,10,5,2832,18375,2913,2764,2832
18:55:06:030,745,10,4,2831,18327,2907,2758,2831
18:55:06:156,743,10,5,2830,18273,2905,2764,2830
18:55:06:312,740,10,5,2829,18223,2907,2768,2829
18:55:06:438,738,10,5,2830,18173,2907,2766,2830
18:55:06:625,736,10,5,2832,18120,2905,2766,2832
18:55:06:752,733,10,5,2833,18068,2906,2766,2833
18:55:06:939,731,9,5,2828,18015,2904,2766,2828
18:55:07:064,728,9,5,2834,17965,2898,2766,2834
18:55:07:219,726,10,5,2834,17916,2905,2763,2834
18:55:07:342,724,9,5,2834,17868,2904,2762,2834
18:55:07:530,721,9,5,2835,17818,2902,2763,2835
18:55:07:655,719,9,5,2831,17772,2899,2767,2831
18:55:07:810,717,9,5,2834,17720,2900,2764,2834
18:55:07:937,714,9,5,2837,17666,2898,2764,2837
18:55:08:126,712,9,5,2838,17616,2896,2765,2838
18:55:08:251,710,9,5,2838,17573,2901,2760,2838
18:55:08:438,707,9,5,2835,17524,2899,2760,2835
18:55:08:564,705,9,5,2836,17473,2902,2765,2836
18:55:08:720,703,9,5,2837,17426,2903,2763,2837
18:55:08:844,700,9,5,2834,17378,2896,2764,2834
18:55:09:031,698,9,5,2838,17334,2896,2766,2838
18:55:09:156,696,9,5,2838,17285,2896,2763,2838
18:55:09:311,693,9,5,2837,17236,2896,2764,2837
18:55:09:439,691,9,5,2839,17192,2894,2765,2839
18:55:09:627,689,9,5,2843,17146,2897,2763,2843
18:55:09:748,687,9,5,2837,17097,2891,2767,2837
18:55:09:935,685,9,5,2839,17051,2895,2763,2839
18:55:10:060,683,9,5,2836,17010,2892,2764,2836
18:55:10:216,680,9,5,2836,16962,2897,2759,2836
18:55:10:340,678,9,5,2838,16920,2894,2765,2838
18:55:10:529,676,9,5,2841,16876,2889,2763,2841
18:55:10:652,674,8,5,2837,16830,2883,2759,2837
18:55:10:839,672,9,5,2842,16783,2889,2761,2842
18:55:10:964,670,9,5,2839,16741,2891,2763,2839
18:55:11:121,668,9,5,2841,16695,2892,2761,2841
18:55:11:246,666,9,5,2841,16652,2890,2766,2841
18:55:11:436,664,9,5,2844,16607,2885,2765,2844
18:55:11:561,662,9,5,2848,16565,2891,2763,2848
18:55:11:718,659,9,5,2841,16522,2886,2762,2841
18:55:11:842,657,9,5,2845,16476,2888,2760,2845
18:55:12:029,656,9,5,2843,16439,2890,2760,2843
18:55:12:154,653,9,5,2848,16394,2886,2764,2848
18:55:12:340,651,9,5,2846,16351,2887,2760,2846
18:55:12:468,649,9,5,2849,16302,2884,2760,2849
18:55:12:620,647,9,5,2847,16263,2886,2760,2847
18:55:12:744,645,8,4,2848,16223,2882,2757,2848
18:55:12:931,643,8,4,2850,16184,2882,2757,2850
18:55:13:056,641,9,5,2846,16138,2885,2761,2846
18:55:13:212,639,9,4,2850,16097,2884,2758,2850
18:55:13:337,637,8,5,2851,16060,2879,2762,2851
18:55:13:524,635,8,5,2847,16012,2882,2764,2847
18:55:13:651,634,8,5,2849,15977,2882,2766,2849
18:55:13:837,631,8,5,2852,15932,2881,2760,2852
18:55:13:962,629,8,5,2850,15891,2880,2760,2850
18:55:14:119,628,8,5,2850,15854,2876,2760,2850
18:55:14:247,626,8,5,2848,15809,2878,2760,2848
18:55:14:434,624,8,4,2850,15770,2878,2755,2850
18:55:14:558,622,8,5,2851,15730,2878,2760,2851
18:55:14:716,620,8,4,2851,15697,2877,2757,2851
18:55:14:839,618,8,4,2852,15656,2879,2757,2852
18:55:15:029,616,8,5,2850,15609,2877,2761,2850
18:55:15:150,614,8,4,2853,15574,2874,2757,2853
18:55:15:336,612,8,5,2852,15533,2875,2761,2852
18:55:15:460,611,8,4,2852,15494,2873,2758,2852
18:55:15:617,609,8,4,2849,15456,2878,2754,2849
18:55:15:742,607,8,5,2854,15418,2874,2761,2854
18:55:15:929,605,8,5,2856,15380,2869,2763,2856
18:55:16:054,603,8,5,2850,15345,2874,2760,2850
18:55:16:240,601,8,5,2852,15302,2872,2762,2852
18:55:16:367,600,8,5,2856,15265,2872,2762,2856
18:55:16:521,598,8,4,2849,15222,2870,2754,2849
18:55:16:645,596,8,4,2854,15188,2870,2753,2854
18:55:16:831,594,8,4,2855,15148,2872,2758,2855
18:55:16:956,592,8,4,2857,15112,2872,2757,2857
18:55:17:086,591,8,5,2852,15079,2871,2762,2852
18:55:17:222,589,8,4,2860,15037,2868,2755,2860
18:55:17:424,587,8,5,2856,14996,2871,2759,2856
18:55:17:551,585,8,4,2855,14961,2871,2755,2855
18:55:17:740,583,8,4,2858,14925,2871,2749,2858
18:55:17:864,582,8,4,2855,14886,2871,2755,2855
18:55:18:021,580,8,4,2863,14852,2868,2758,2863
18:55:18:146,578,8,4,2857,14814,2871,2755,2857
18:55:18:334,576,8,4,2862,14778,2866,2757,2862
18:55:18:457,575,8,5,2859,14744,2865,2759,2859
18:55:18:585,573,8,4,2857,14708,2866,2755,2857
18:55:18:724,571,8,4,2858,14670,2863,2756,2858
18:55:18:925,570,8,4,2857,14635,2863,2756,2857
18:55:19:051,568,7,4,2860,14597,2861,2758,2860
18:55:19:235,566,8,4,2862,14562,2866,2754,2862
18:55:19:358,564,8,4,2863,14525,2863,2757,2863
18:55:19:517,563,8,5,2860,14494,2867,2759,2860
18:55:19:639,561,8,4,2861,14460,2865,2755,2861
18:55:19:826,560,8,4,2860,14422,2863,2758,2860
18:55:19:950,558,8,4,2861,14383,2866,2757,2861
18:55:20:137,556,8,5,2860,14352,2865,2761,2860
18:55:20:262,555,7,4,2863,14319,2861,2755,2863
18:55:20:418,553,8,4,2859,14283,2864,2753,2859
18:55:20:543,551,7,4,2860,14244,2862,2753,2860
18:55:20:731,550,7,4,2866,14214,2858,2754,2866
18:55:20:855,548,7,4,2860,14181,2859,2755,2860
18:55:20:985,546,7,4,2865,14148,2855,2758,2865
18:55:21:135,545,7,4,2864,14112,2860,2756,2864
18:55:21:321,543,7,4,2868,14076,2859,2756,2868
18:55:21:448,542,7,4,2861,14046,2855,2754,2861
18:55:21:635,540,7,4,2868,14012,2852,2754,2868
18:55:21:759,538,7,4,2863,13974,2860,2749,2863
18:55:21:916,537,7,4,2866,13940,2854,2755,2866
18:55:22:039,535,7,4,2866,13907,2857,2747,2866
18:55:22:225,533,7,4,2869,13875,2853,2756,2869
18:55:22:350,532,7,4,2867,13845,2855,2756,2867
18:55:22:536,531,7,4,2862,13813,2856,2753,2862
18:55:22:662,529,7,4,2866,13777,2856,2753,2866
18:55:22:818,527,7,4,2868,13744,2857,2752,2868
18:55:22:943,526,7,4,2867,13715,2856,2751,2867
18:55:23:131,524,7,4,2869,13680,2853,2757,2869
18:55:23:257,523,7,4,2865,13649,2850,2751,2865
18:55:23:385,521,7,4,2866,13616,2854,2753,2866
18:55:23:523,520,7,4,2866,13583,2853,2755,2866
18:55:23:727,518,7,4,2868,13547,2847,2752,2868
18:55:23:851,516,7,4,2867,13518,2855,2749,2867
18:55:24:038,515,7,4,2869,13488,2851,2751,2869
18:55:24:165,513,7,4,2868,13454,2846,2753,2868
18:55:24:321,512,7,4,2870,13423,2846,2755,2870
18:55:24:450,511,7,4,2869,13393,2849,2749,2869
18:55:24:636,509,7,4,2868,13357,2852,2745,2868
18:55:24:760,508,7,4,2868,13330,2848,2751,2868
18:55:24:886,506,7,4,2867,13299,2845,2752,2867
18:55:25:026,505,7,4,2868,13266,2843,2750,2868
18:55:25:228,503,7,4,2865,13234,2850,2752,2865
18:55:25:354,502,7,4,2869,13203,2848,2745,2869
18:55:25:541,500,7,4,2870,13171,2849,2746,2870
18:55:25:667,499,7,4,2868,13143,2846,2747,2868
18:55:25:820,497,7,4,2876,13108,2846,2752,2876
18:55:25:943,496,7,4,2868,13082,2845,2752,2868
18:55:26:128,494,7,4,2872,13049,2845,2748,2872
18:55:26:252,493,7,4,2871,13019,2851,2753,2871
18:55:26:441,491,7,4,2869,12989,2848,2746,2869
18:55:26:566,490,7,4,2874,12961,2846,2750,2874
18:55:26:721,488,7,4,2869,12926,2843,2751,2869
18:55:26:846,487,7,4,2871,12900,2842,2745,2871
18:55:27:034,486,7,4,2874,12869,2843,2748,2874
18:55:27:161,484,7,4,2869,12839,2843,2752,2869
18:55:27:288,483,7,4,2869,12808,2842,2750,2869
18:55:27:428,481,7,4,2868,12775,2842,2752,2868
18:55:27:628,480,7,4,2874,12749,2845,2750,2874
18:55:27:752,479,6,4,2874,12722,2840,2750,2874
18:55:27:938,477,6,4,2874,12690,2840,2744,2874
18:55:28:063,476,6,4,2871,12661,2836,2747,2871
18:55:28:191,474,6,4,2876,12632,2838,2747,2876
18:55:28:330,473,6,4,2871,12599,2840,2749,2871
18:55:28:518,472,6,4,2873,12575,2838,2746,2873
18:55:28:643,470,7,4,2872,12545,2842,2750,2872
18:55:28:827,469,6,4,2866,12514,2839,2744,2866
18:55:28:952,467,6,4,2871,12486,2839,2745,2871
18:55:29:138,466,6,4,2873,12458,2838,2747,2873
18:55:29:266,465,6,4,2874,12428,2835,2745,2874
18:55:29:394,463,7,4,2877,12401,2843,2746,2877
18:55:29:532,462,6,4,2875,12373,2838,2747,2875
18:55:29:732,461,6,4,2880,12346,2839,2747,2880
18:55:29:858,459,6,4,2876,12316,2840,2745,2876
18:55:29:985,458,6,4,2875,12287,2839,2744,2875
18:55:30:121,456,6,4,2872,12256,2836,2745,2872
18:55:30:324,455,6,4,2872,12232,2838,2746,2872
18:55:30:449,454,6,4,2873,12207,2832,2743,2873
18:55:30:637,453,6,4,2873,12174,2834,2745,2873
18:55:30:763,451,6,4,2875,12150,2837,2744,2875
18:55:30:890,450,6,4,2877,12114,2831,2745,2877
18:55:31:028,449,6,4,2875,12092,2835,2743,2875
18:55:31:231,447,6,4,2878,12067,2834,2743,2878
18:55:31:353,446,6,4,2876,12036,2832,2745,2876
18:55:31:541,445,6,4,2874,12009,2834,2744,2874
18:55:31:667,443,6,4,2874,11983,2835,2744,2874
18:55:31:823,442,6,4,2872,11955,2832,2745,2872
18:55:31:948,441,6,4,2875,11925,2835,2746,2875
18:55:32:135,440,6,4,2878,11901,2833,2742,2878
18:55:32:260,438,6,4,2880,11875,2829,2743,2880
18:55:32:386,437,6,4,2874,11848,2829,2743,2874
18:55:32:526,436,6,4,2878,11820,2830,2742,2878
18:55:32:731,434,6,4,2879,11789,2828,2743,2879
18:55:32:855,433,6,3,2876,11764,2831,2736,2876
18:55:32:983,432,6,4,2873,11740,2828,2744,2873
18:55:33:121,431,6,4,2880,11714,2830,2743,2880
18:55:33:325,429,6,4,2879,11683,2827,2746,2879
18:55:33:450,428,6,4,2875,11663,2830,2741,2875
18:55:33:633,427,6,4,2879,11635,2825,2744,2879
18:55:33:757,426,6,4,2875,11608,2827,2742,2875
18:55:33:884,424,6,4,2874,11584,2830,2739,2874
18:55:34:022,423,6,4,2877,11556,2825,2742,2877
18:55:34:224,422,6,4,2879,11532,2830,2741,2879
18:55:34:349,421,6,4,2877,11503,2828,2738,2877
18:55:34:538,420,6,4,2875,11481,2828,2742,2875
18:55:34:662,418,6,4,2877,11455,2825,2740,2877
18:55:34:793,417,6,4,2877,11428,2822,2740,2877
18:55:34:929,416,6,4,2880,11400,2827,2742,2880
18:55:35:134,414,6,4,2881,11372,2823,2741,2881
18:55:35:258,413,6,4,2876,11349,2824,2742,2876
18:55:35:384,412,6,4,2879,11324,2825,2738,2879
18:55:35:522,411,6,4,2877,11299,2825,2739,2877
18:55:35:724,410,6,4,2878,11274,2827,2739,2878
18:55:35:850,408,6,3,2878,11249,2823,2737,2878
18:55:36:039,407,6,4,2881,11225,2824,2738,2881
18:55:36:165,406,6,4,2881,11197,2823,2744,2881
18:55:36:292,405,6,3,2880,11173,2823,2735,2880
18:55:36:430,404,6,4,2877,11149,2820,2740,2877
18:55:36:632,403,6,4,2876,11125,2821,2738,2876
18:55:36:756,401,6,4,2878,11102,2822,2740,2878
18:55:36:883,400,6,3,2879,11079,2821,2737,2879
18:55:37:038,399,6,3,2880,11052,2821,2736,2880
18:55:37:226,398,6,4,2878,11027,2822,2740,2878
18:55:37:350,397,6,3,2875,11001,2822,2733,2875
18:55:37:539,396,6,4,2880,10977,2820,2740,2880
18:55:37:663,394,6,3,2881,10952,2821,2737,2881
18:55:37:789,393,6,4,2882,10929,2822,2742,2882
18:55:37:926,392,6,4,2881,10903,2823,2738,2881
18:55:38:131,391,6,4,2880,10882,2822,2739,2880
18:55:38:255,390,5,3,2876,10853,2816,2735,2876
18:55:38:384,389,6,3,2882,10834,2820,2737,2882
18:55:38:534,388,6,3,2878,10809,2822,2736,2878
18:55:38:740,387,5,3,2881,10788,2817,2734,2881
18:55:38:865,385,6,3,2879,10763,2820,2736,2879
18:55:38:994,384,5,4,2880,10739,2819,2739,2880
18:55:39:132,383,5,3,2880,10711,2817,2736,2880
18:55:39:335,382,6,4,2878,10691,2821,2739,2878
18:55:39:459,381,6,4,2880,10670,2821,2738,2880
18:55:39:586,380,5,3,2882,10644,2817,2735,2882
18:55:39:724,379,5,3,2881,10621,2816,2736,2881
18:55:39:927,377,5,3,2880,10597,2818,2736,2880
18:55:40:052,376,5,4,2879,10576,2818,2739,2879
18:55:40:238,375,5,3,2883,10555,2817,2735,2883
18:55:40:361,374,5,4,2879,10528,2817,2739,2879
18:55:40:488,373,5,3,2878,10507,2813,2736,2878
18:55:40:626,372,5,3,2883,10483,2813,2733,2883
18:55:40:827,371,5,4,2884,10463,2819,2739,2884
18:55:40:952,370,5,4,2886,10440,2813,2738,2886
18:55:41:083,369,5,3,2883,10415,2817,2737,2883
18:55:41:237,368,5,3,2880,10390,2816,2732,2880
18:55:41:440,367,5,3,2883,10370,2812,2732,2883
18:55:41:565,366,5,3,2881,10346,2816,2737,2881
18:55:41:692,365,5,3,2882,10325,2815,2736,2882
18:55:41:831,364,5,3,2882,10304,2816,2736,2882
18:55:42:036,362,5,3,2876,10282,2818,2737,2876
18:55:42:160,361,5,3,2884,10259,2813,2735,2884
18:55:42:286,360,5,3,2882,10233,2812,2736,2882
18:55:42:424,359,5,3,2880,10210,2809,2731,2880
18:55:42:625,358,5,3,2882,10192,2813,2732,2882
18:55:42:750,357,5,3,2884,10169,2815,2733,2884
18:55:42:935,356,5,3,2881,10144,2814,2733,2881
18:55:43:064,355,5,3,2877,10123,2815,2733,2877
18:55:43:189,354,5,3,2882,10104,2811,2733,2882
18:55:43:341,353,5,3,2886,10081,2812,2733,2886
18:55:43:528,352,5,3,2883,10054,2813,2732,2883
18:55:43:652,351,5,3,2884,10039,2813,2730,2884
18:55:43:841,350,5,3,2878,10016,2808,2733,2878
18:55:43:964,349,5,3,2880,9999,2810,2734,2880
18:55:44:092,348,5,3,2880,9973,2814,2732,2880
18:55:44:231,347,5,3,2884,9952,2807,2732,2884
18:55:44:434,346,5,3,2882,9933,2810,2733,2882
18:55:44:558,345,5,3,2885,9909,2808,2733,2885
18:55:44:685,344,5,3,2881,9886,2808,2736,2881
18:55:44:839,343,5,3,2886,9866,2809,2733,2886
18:55:45:026,342,5,3,2882,9845,2809,2733,2882
18:55:45:152,341,5,3,2884,9826,2803,2732,2884
18:55:45:337,340,5,3,2884,9805,2811,2730,2884
18:55:45:463,339,5,3,2884,9781,2807,2729,2884
18:55:45:590,338,5,3,2884,9761,2807,2731,2884
18:55:45:728,337,5,3,2883,9742,2806,2731,2883
18:55:45:932,336,5,3,2882,9720,2804,2732,2882
18:55:46:056,335,5,3,2883,9699,2807,2727,2883
18:55:46:182,334,5,3,2881,9676,2805,2732,2881
18:55:46:335,333,5,3,2883,9658,2806,2732,2883
18:55:46:537,332,5,3,2880,9638,2805,2727,2880
18:55:46:663,331,5,3,2881,9617,2805,2730,2881
18:55:46:790,330,5,3,2881,9598,2810,2731,2881
18:55:46:927,329,5,3,2883,9576,2807,2731,2883
18:55:47:130,328,5,3,2881,9555,2809,2732,2881
18:55:47:257,327,5,3,2883,9537,2805,2730,2883
18:55:47:383,326,5,3,2879,9518,2802,2730,2879
18:55:47:534,325,5,3,2883,9493,2805,2730,2883
18:55:47:831,323,5,3,2884,9456,2807,2728,2884
18:55:48:143,321,5,3,2880,9416,2805,2730,2880
18:55:48:437,319,5,3,2885,9376,2802,2727,2885
18:55:48:733,317,5,3,2885,9336,2803,2732,2885
18:55:49:043,316,5,3,2883,9296,2803,2725,2883
18:55:49:170,315,5,3,2887,9276,2801,2728,2887
18:55:49:358,314,5,3,2878,9263,2800,2728,2878
18:55:49:482,313,5,3,2884,9235,2799,2729,2884
18:55:49:638,312,5,3,2884,9221,2802,2729,2884
18:55:49:780,311,5,3,2880,9198,2802,2729,2880
18:55:49:966,310,5,3,2881,9183,2806,2729,2881
18:55:50:093,309,5,3,2884,9162,2805,2731,2884
18:55:50:235,308,5,3,2883,9140,2805,2729,2883
18:55:50:375,307,5,3,2884,9125,2803,2727,2884
18:55:50:563,306,5,3,2882,9104,2803,2728,2882
18:55:50:686,306,5,3,2884,9089,2802,2726,2884
18:55:50:842,305,5,3,2881,9065,2802,2730,2881
18:55:50:983,304,4,3,2883,9044,2795,2730,2883
18:55:51:173,303,4,3,2884,9027,2798,2727,2884
18:55:51:297,302,4,3,2884,9009,2797,2726,2884
18:55:51:437,301,5,3,2885,8992,2800,2726,2885
18:55:51:576,300,5,3,2884,8975,2800,2729,2884
18:55:51:763,299,5,3,2882,8955,2802,2728,2882
18:55:51:890,298,5,3,2880,8937,2799,2726,2880
18:55:52:046,298,4,3,2881,8918,2798,2727,2881
18:55:52:170,297,5,3,2881,8898,2801,2727,2881
18:55:52:356,296,5,3,2881,8878,2800,2724,2881
18:55:52:481,295,4,3,2883,8863,2796,2727,2883
18:55:52:636,294,5,3,2883,8842,2801,2723,2883
18:55:52:779,293,4,3,2883,8827,2795,2725,2883
18:55:52:968,292,4,3,2878,8806,2796,2727,2878
18:55:53:096,291,4,3,2884,8790,2796,2726,2884
18:55:53:234,291,4,3,2883,8775,2798,2722,2883
18:55:53:376,290,4,3,2885,8755,2798,2727,2885
18:55:53:565,289,4,3,2882,8735,2794,2728,2882
18:55:53:689,288,4,3,2882,8719,2794,2724,2882
18:55:53:845,287,4,3,2882,8703,2797,2725,2882
18:55:53:971,286,4,3,2882,8680,2798,2728,2882
18:55:54:159,285,4,3,2881,8664,2797,2725,2881
18:55:54:285,284,5,3,2883,8642,2800,2724,2883
18:55:54:442,284,4,3,2885,8632,2790,2730,2885
18:55:54:584,283,4,3,2877,8614,2796,2724,2877
18:55:54:741,282,4,3,2882,8594,2796,2722,2882
18:55:54:882,281,4,3,2881,8578,2794,2725,2881
18:55:55:038,280,4,3,2881,8555,2797,2724,2881
18:55:55:178,280,4,3,2885,8541,2798,2723,2885
18:55:55:367,279,4,3,2882,8524,2795,2723,2882
18:55:55:492,278,4,3,2881,8506,2794,2721,2881
18:55:55:648,277,4,3,2881,8489,2796,2724,2881
18:55:55:772,276,4,3,2884,8471,2794,2723,2884
18:55:55:957,275,4,3,2884,8454,2796,2723,2884
18:55:56:081,275,4,3,2882,8440,2796,2718,2882
18:55:56:239,274,4,3,2881,8419,2797,2723,2881
18:55:56:382,273,4,3,2884,8404,2794,2722,2884
18:55:56:568,272,4,3,2880,8389,2793,2725,2880
18:55:56:696,271,4,3,2881,8370,2793,2724,2881
18:55:56:834,271,4,3,2879,8354,2796,2724,2879
18:55:56:974,270,4,3,2879,8336,2793,2725,2879
18:55:57:162,269,4,3,2884,8322,2789,2726,2884
18:55:57:286,268,4,3,2882,8303,2791,2722,2882
18:55:57:443,267,4,3,2883,8283,2792,2726,2883
18:55:57:581,267,4,3,2885,8269,2793,2722,2885
18:55:57:768,266,4,3,2877,8248,2796,2722,2877
18:55:57:892,265,4,3,2881,8235,2791,2724,2881
18:55:58:047,264,4,3,2880,8217,2794,2719,2880
18:55:58:174,264,4,3,2882,8203,2790,2720,2882
18:55:58:359,263,4,3,2882,8190,2791,2725,2882
18:55:58:484,262,4,3,2884,8169,2793,2721,2884
18:55:58:641,261,4,3,2884,8156,2794,2722,2884
18:55:58:783,261,4,3,2883,8140,2791,2719,2883
18:55:58:971,259,4,3,2882,8118,2792,2721,2882
18:55:59:098,259,4,3,2883,8105,2793,2723,2883
18:55:59:240,258,4,3,2881,8090,2790,2720,2881
18:55:59:383,257,4,3,2883,8071,2792,2718,2883
18:55:59:571,257,4,3,2884,8057,2790,2723,2884
18:55:59:696,256,4,3,2880,8044,2791,2720,2880
18:55:59:836,255,4,3,2881,8023,2790,2718,2881
18:55:59:978,254,4,3,2881,8011,2795,2723,2881
18:56:00:165,253,4,3,2884,7991,2786,2719,2884
18:56:00:289,253,4,3,2880,7979,2789,2722,2880
18:56:00:445,252,4,3,2880,7963,2790,2722,2880
18:56:00:582,251,4,3,2884,7948,2792,2720,2884
18:56:00:770,251,4,3,2878,7931,2791,2722,2878
18:56:00:896,250,4,3,2883,7917,2788,2722,2883
18:56:01:035,249,4,3,2880,7903,2792,2721,2880
18:56:01:177,248,4,2,2881,7885,2792,2715,2881
18:56:01:364,248,4,3,2881,7867,2789,2718,2881
18:56:01:488,247,4,3,2877,7852,2784,2726,2877
18:56:01:645,246,4,3,2880,7836,2790,2722,2880
18:56:01:770,245,4,3,2884,7821,2791,2724,2884
18:56:01:954,245,4,3,2880,7806,2789,2722,2880
18:56:02:079,244,4,3,2882,7790,2792,2718,2882
18:56:02:266,243,4,3,2881,7777,2790,2722,2881
18:56:02:391,242,4,3,2881,7761,2789,2722,2881
18:56:02:547,242,4,3,2881,7745,2790,2717,2881
18:56:02:672,241,4,3,2881,7729,2787,2719,2881
18:56:02:861,240,4,3,2882,7714,2787,2720,2882
18:56:02:984,240,4,3,2882,7700,2789,2720,2882
18:56:03:172,239,4,3,2881,7683,2790,2718,2881
18:56:03:296,238,4,3,2883,7672,2785,2722,2883
18:56:03:452,238,4,3,2884,7657,2789,2719,2884
18:56:03:578,237,4,3,2880,7642,2791,2718,2880
18:56:03:766,236,4,3,2880,7627,2787,2718,2880
18:56:03:890,236,4,3,2881,7616,2786,2716,2881
18:56:04:045,235,4,3,2882,7596,2790,2719,2882
18:56:04:183,234,4,3,2881,7587,2787,2717,2881
18:56:04:371,233,4,3,2882,7568,2790,2718,2882
18:56:04:495,232,4,3,2881,7551,2787,2718,2881
18:56:04:651,232,4,3,2879,7538,2784,2717,2879
18:56:04:775,231,4,3,2881,7525,2786,2718,2881
18:56:04:961,230,4,3,2882,7506,2786,2718,2882
18:56:05:083,230,4,3,2881,7491,2788,2719,2881
18:56:05:270,229,4,2,2881,7483,2786,2712,2881
18:56:05:395,228,4,3,2881,7466,2786,2717,2881
18:56:05:551,228,4,3,2879,7453,2786,2720,2879
18:56:05:677,227,4,3,2882,7435,2785,2717,2882
18:56:05:862,226,4,3,2880,7424,2786,2716,2880
18:56:05:987,226,4,3,2881,7407,2780,2720,2881
18:56:06:143,225,4,2,2880,7394,2787,2715,2880
18:56:06:281,224,4,3,2882,7375,2788,2719,2882
18:56:06:468,224,4,3,2886,7364,2783,2718,2886
18:56:06:594,223,4,3,2878,7355,2785,2716,2878
18:56:06:751,222,4,3,2885,7337,2786,2717,2885
18:56:06:877,222,4,3,2882,7322,2782,2719,2882
18:56:07:064,221,4,3,2881,7312,2780,2717,2881
18:56:07:190,220,4,3,2880,7294,2787,2718,2880
18:56:07:347,220,4,3,2884,7282,2783,2719,2884
18:56:07:473,219,4,3,2882,7265,2785,2718,2882
18:56:07:660,218,4,3,2883,7255,2784,2718,2883
18:56:07:786,218,4,3,2882,7239,2785,2718,2882
18:56:07:972,217,4,3,2881,7228,2785,2717,2881
18:56:08:096,216,4,3,2881,7215,2784,2717,2881
18:56:08:252,216,4,3,2882,7205,2784,2719,2882
18:56:08:378,215,4,3,2877,7184,2785,2717,2877
18:56:08:565,214,4,3,2882,7172,2785,2718,2882
18:56:08:688,214,4,2,2880,7157,2784,2715,2880
18:56:08:844,213,4,2,2881,7145,2784,2714,2881
18:56:08:984,212,4,3,2880,7131,2779,2719,2880
18:56:09:171,212,4,2,2882,7116,2783,2714,2882
18:56:09:297,211,4,3,2882,7105,2781,2717,2882
18:56:09:452,211,4,3,2883,7092,2787,2719,2883
18:56:09:577,210,4,3,2881,7080,2781,2719,2881
18:56:09:764,209,4,3,2882,7063,2785,2718,2882
18:56:09:888,209,4,3,2882,7052,2789,2718,2882
18:56:10:045,208,4,2,2884,7040,2783,2714,2884
18:56:10:170,207,4,2,2881,7024,2783,2713,2881
18:56:10:360,207,4,3,2881,7013,2785,2720,2881
18:56:10:485,206,4,3,2880,6998,2784,2717,2880
18:56:10:674,206,4,3,2883,6985,2781,2716,2883
18:56:10:800,205,4,2,2882,6971,2784,2712,2882
18:56:10:959,204,4,2,2881,6959,2782,2713,2881
18:56:11:083,204,4,3,2878,6946,2784,2717,2878
18:56:11:269,203,4,3,2882,6934,2781,2719,2882
18:56:11:394,203,4,2,2882,6925,2779,2714,2882
18:56:11:553,202,4,2,2881,6910,2780,2714,2881
18:56:11:678,201,4,2,2877,6893,2785,2712,2877
18:56:11:863,201,4,2,2877,6883,2778,2713,2877
18:56:11:987,200,4,3,2880,6866,2782,2717,2880
18:56:12:175,200,4,3,2879,6861,2782,2719,2879
18:56:12:298,199,4,2,2883,6844,2783,2714,2883
18:56:12:456,198,4,2,2881,6832,2787,2712,2881
18:56:12:582,198,4,2,2878,6821,2781,2714,2878
18:56:12:764,197,4,2,2883,6807,2782,2714,2883
18:56:12:889,196,4,2,2878,6794,2781,2715,2878
18:56:13:077,196,4,2,2883,6783,2779,2712,2883
18:56:13:202,195,4,2,2878,6770,2781,2714,2878
18:56:13:356,195,4,2,2881,6758,2779,2713,2881
18:56:13:480,194,3,2,2881,6744,2777,2714,2881
18:56:13:667,193,4,2,2883,6729,2779,2712,2883
18:56:13:793,193,4,3,2878,6722,2780,2716,2878
18:56:13:949,192,3,2,2880,6706,2777,2714,2880
18:56:14:074,192,4,2,2880,6694,2783,2714,2880
18:56:14:260,191,4,2,2878,6684,2778,2715,2878
18:56:14:386,191,4,2,2879,6670,2780,2711,2879
18:56:14:573,190,4,2,2881,6658,2781,2715,2881
18:56:14:699,189,4,2,2881,6646,2785,2714,2881
18:56:14:857,189,4,2,2883,6638,2783,2714,2883
18:56:14:981,188,4,2,2883,6621,2781,2712,2883
18:56:15:167,188,4,2,2881,6610,2781,2715,2881
18:56:15:293,187,4,2,2882,6597,2778,2713,2882
18:56:15:479,187,4,2,2877,6588,2779,2712,2877
18:56:15:603,186,3,2,2880,6577,2776,2714,2880
18:56:15:760,185,4,2,2883,6562,2782,2713,2883
18:56:15:884,185,4,2,2882,6553,2779,2713,2882
18:56:16:071,184,4,2,2878,6540,2779,2713,2878
18:56:16:196,184,4,2,2879,6529,2780,2715,2879
18:56:16:353,183,4,2,2879,6517,2782,2712,2879
18:56:16:477,183,4,2,2877,6510,2782,2713,2877
18:56:16:665,182,3,2,2879,6491,2776,2711,2879
18:56:16:790,181,4,2,2881,6480,2779,2712,2881
18:56:16:979,181,3,2,2879,6467,2776,2713,2879
18:56:17:105,180,4,2,2877,6459,2779,2709,2877
18:56:17:246,180,4,2,2878,6447,2779,2715,2878
18:56:17:374,179,3,2,2879,6434,2774,2709,2879
18:56:17:561,179,4,2,2878,6427,2778,2710,2878
18:56:17:685,178,4,2,2880,6416,2780,2713,2880
18:56:17:872,178,4,2,2878,6401,2779,2711,2878
18:56:17:995,177,4,2,2881,6391,2779,2710,2881
18:56:18:150,177,3,2,2879,6382,2775,2710,2879
18:56:18:276,176,3,2,2880,6369,2777,2710,2880
18:56:18:464,176,3,2,2879,6358,2777,2710,2879
18:56:18:589,175,4,2,2877,6346,2778,2710,2877
18:56:18:777,175,4,2,2878,6334,2778,2712,2878
18:56:18:904,174,3,2,2880,6322,2774,2710,2880
18:56:19:059,173,4,2,2880,6310,2780,2711,2880
18:56:19:185,173,3,2,2877,6300,2777,2709,2877
18:56:19:371,172,3,2,2878,6287,2776,2712,2878
18:56:19:498,172,3,2,2878,6276,2776,2710,2878
18:56:19:653,171,4,2,2878,6265,2779,2710,2878
18:56:19:778,171,3,2,2877,6257,2777,2712,2877
18:56:19:964,170,3,2,2881,6245,2777,2713,2881
18:56:20:089,170,3,2,2878,6233,2776,2712,2878
18:56:20:276,169,3,2,2877,6222,2777,2710,2877
18:56:20:401,169,3,2,2879,6215,2777,2711,2879
18:56:20:559,168,4,2,2878,6201,2780,2712,2878
18:56:20:682,168,3,2,2879,6193,2773,2706,2879
18:56:20:868,167,3,2,2884,6181,2774,2711,2884
18:56:20:994,167,3,2,2879,6171,2777,2713,2879
18:56:21:181,166,3,2,2878,6160,2777,2712,2878
18:56:21:306,166,3,2,2879,6150,2775,2710,2879
18:56:21:463,165,3,2,2876,6139,2773,2711,2876
18:56:21:586,165,3,2,2876,6126,2774,2709,2876
18:56:21:776,164,4,2,2877,6117,2778,2711,2877
18:56:21:899,164,4,2,2878,6106,2778,2710,2878
18:56:22:054,163,3,2,2876,6096,2776,2709,2876
18:56:22:180,163,3,2,2878,6085,2776,2710,2878
18:56:22:366,162,3,2,2878,6074,2775,2711,2878
18:56:22:491,162,3,2,2879,6063,2776,2712,2879
18:56:22:676,161,3,2,2874,6052,2772,2710,2874
18:56:22:802,161,3,2,2880,6042,2775,2713,2880
18:56:22:959,160,3,2,2879,6032,2777,2705,2879
18:56:23:082,160,4,2,2877,6025,2779,2709,2877
18:56:23:269,159,4,2,2881,6012,2778,2706,2881
18:56:23:395,159,3,2,2878,6001,2772,2711,2878
18:56:23:580,158,3,2,2877,5995,2774,2710,2877
18:56:23:705,158,3,2,2882,5983,2775,2710,2882
18:56:23:861,157,4,2,2877,5972,2778,2709,2877
18:56:23:987,157,3,2,2877,5960,2774,2709,2877
18:56:24:174,156,3,2,2879,5950,2774,2708,2879
18:56:24:297,156,3,2,2875,5940,2771,2709,2875
18:56:24:452,155,3,2,2878,5930,2773,2711,2878
18:56:24:578,155,3,2,2877,5919,2772,2708,2877
18:56:24:764,154,3,2,2876,5911,2772,2707,2876
18:56:24:889,154,3,2,2878,5900,2773,2711,2878
18:56:25:077,153,3,2,2877,5885,2774,2708,2877
18:56:25:200,153,3,2,2878,5883,2773,2708,2878
18:56:25:359,152,3,2,2879,5870,2773,2711,2879
18:56:25:482,152,3,2,2877,5858,2774,2709,2877
18:56:25:670,152,3,2,2875,5850,2776,2708,2875
18:56:25:794,151,3,2,2877,5839,2775,2704,2877
18:56:25:978,151,3,2,2880,5832,2772,2707,2880
18:56:26:106,150,3,2,2877,5822,2775,2709,2877
18:56:26:261,150,3,2,2875,5813,2775,2707,2875